<?xml version="1.0" encoding="UTF-8"?>
<project-private xmlns="http://www.netbeans.org/ns/project-private/1">
    <editor-bookmarks xmlns="http://www.netbeans.org/ns/editor-bookmarks/2" lastBookmarkId="0"/>
    <open-files xmlns="http://www.netbeans.org/ns/projectui-open-files/2">
        <group>
            <file>file:/C:/Users/PC/Documents/SECOND%20YEAR%20(2021-2022)/CSIT228/NETBEANS_CODES/NetbeansJTable%20Activity/src/netbeansjtable/activity/Product.java</file>
            <file>file:/C:/Users/PC/Documents/SECOND%20YEAR%20(2021-2022)/CSIT228/NETBEANS_CODES/NetbeansJTable%20Activity/src/netbeansjtable/activity/NetbeansJTableActivity.java</file>
            <file>file:/C:/Users/PC/Documents/SECOND%20YEAR%20(2021-2022)/CSIT228/NETBEANS_CODES/NetbeansJTable%20Activity/src/netbeansjtable/activity/SimpleGrocery.java</file>
            <file>file:/C:/Users/PC/Documents/SECOND%20YEAR%20(2021-2022)/CSIT228/NETBEANS_CODES/NetbeansJTable%20Activity/src/netbeansjtable/activity/FrameOFProducts.java</file>
        </group>
    </open-files>
</project-private>
