<?xml version="1.0" encoding="UTF-8"?>
<project-private xmlns="http://www.netbeans.org/ns/project-private/1">
    <editor-bookmarks xmlns="http://www.netbeans.org/ns/editor-bookmarks/2" lastBookmarkId="0"/>
    <open-files xmlns="http://www.netbeans.org/ns/projectui-open-files/2">
        <group>
            <file>file:/C:/Users/PC/Documents/SECOND%20YEAR%20(2021-2022)/CSIT228/NETBEANS_CODES/ABUEVA_JavaDerby_BookRental/src/abueva_javaderby_bookrental/MainMenu.java</file>
            <file>file:/C:/Users/PC/Documents/SECOND%20YEAR%20(2021-2022)/CSIT228/NETBEANS_CODES/ABUEVA_JavaDerby_BookRental/src/abueva_javaderby_bookrental/AdminMenu.java</file>
            <file>file:/C:/Users/PC/Documents/SECOND%20YEAR%20(2021-2022)/CSIT228/NETBEANS_CODES/ABUEVA_JavaDerby_BookRental/src/abueva_javaderby_bookrental/ConnectBookRental.java</file>
            <file>file:/C:/Users/PC/Documents/SECOND%20YEAR%20(2021-2022)/CSIT228/NETBEANS_CODES/ABUEVA_JavaDerby_BookRental/src/abueva_javaderby_bookrental/AdminBookCatalogue.java</file>
            <file>file:/C:/Users/PC/Documents/SECOND%20YEAR%20(2021-2022)/CSIT228/NETBEANS_CODES/ABUEVA_JavaDerby_BookRental/src/abueva_javaderby_bookrental/AdminBookAvailability.java</file>
            <file>file:/C:/Users/PC/Documents/SECOND%20YEAR%20(2021-2022)/CSIT228/NETBEANS_CODES/ABUEVA_JavaDerby_BookRental/src/abueva_javaderby_bookrental/Registration.java</file>
            <file>file:/C:/Users/PC/Documents/SECOND%20YEAR%20(2021-2022)/CSIT228/NETBEANS_CODES/ABUEVA_JavaDerby_BookRental/src/abueva_javaderby_bookrental/Book_BRR.java</file>
            <file>file:/C:/Users/PC/Documents/SECOND%20YEAR%20(2021-2022)/CSIT228/NETBEANS_CODES/ABUEVA_JavaDerby_BookRental/src/abueva_javaderby_bookrental/LogIn.java</file>
            <file>file:/C:/Users/PC/Documents/SECOND%20YEAR%20(2021-2022)/CSIT228/NETBEANS_CODES/ABUEVA_JavaDerby_BookRental/src/abueva_javaderby_bookrental/AdminUserData.java</file>
        </group>
    </open-files>
</project-private>
