<?xml version="1.0" encoding="UTF-8"?>
<project-private xmlns="http://www.netbeans.org/ns/project-private/1">
    <editor-bookmarks xmlns="http://www.netbeans.org/ns/editor-bookmarks/2" lastBookmarkId="0"/>
    <open-files xmlns="http://www.netbeans.org/ns/projectui-open-files/2">
        <group>
            <file>file:/C:/Users/PC/Documents/SECOND%20YEAR%20(2021-2022)/CSIT228/NETBEANS_CODES/DatabaseDerby/src/databasederby/BalanceInquiry.java</file>
            <file>file:/C:/Users/PC/Documents/SECOND%20YEAR%20(2021-2022)/CSIT228/NETBEANS_CODES/DatabaseDerby/src/databasederby/MakePayments.java</file>
            <file>file:/C:/Users/PC/Documents/SECOND%20YEAR%20(2021-2022)/CSIT228/NETBEANS_CODES/DatabaseDerby/src/databasederby/Login.java</file>
            <file>file:/C:/Users/PC/Documents/SECOND%20YEAR%20(2021-2022)/CSIT228/NETBEANS_CODES/DatabaseDerby/src/databasederby/Menu.java</file>
            <file>file:/C:/Users/PC/Documents/SECOND%20YEAR%20(2021-2022)/CSIT228/NETBEANS_CODES/DatabaseDerby/src/databasederby/Connect.java</file>
            <file>file:/C:/Users/PC/Documents/SECOND%20YEAR%20(2021-2022)/CSIT228/NETBEANS_CODES/DatabaseDerby/src/databasederby/UpdatePassword.java</file>
            <file>file:/C:/Users/PC/Documents/SECOND%20YEAR%20(2021-2022)/CSIT228/NETBEANS_CODES/DatabaseDerby/src/databasederby/AmountTransfer.java</file>
        </group>
    </open-files>
</project-private>
