<?xml version="1.0" encoding="UTF-8"?>
<project-private xmlns="http://www.netbeans.org/ns/project-private/1">
    <editor-bookmarks xmlns="http://www.netbeans.org/ns/editor-bookmarks/2" lastBookmarkId="0"/>
    <open-files xmlns="http://www.netbeans.org/ns/projectui-open-files/2">
        <group>
            <file>file:/C:/Users/PC/Documents/SECOND%20YEAR%20(2021-2022)/CSIT228/NETBEANS_CODES/NetbeansActivity1GUI/src/netbeansactivity1gui/DebitCard.java</file>
            <file>file:/C:/Users/PC/Documents/SECOND%20YEAR%20(2021-2022)/CSIT228/NETBEANS_CODES/NetbeansActivity1GUI/src/netbeansactivity1gui/Name.java</file>
            <file>file:/C:/Users/PC/Documents/SECOND%20YEAR%20(2021-2022)/CSIT228/NETBEANS_CODES/NetbeansActivity1GUI/src/netbeansactivity1gui/NetbeansActivity1GUI.java</file>
            <file>file:/C:/Users/PC/Documents/SECOND%20YEAR%20(2021-2022)/CSIT228/NETBEANS_CODES/NetbeansActivity1GUI/src/netbeansactivity1gui/Frame1.java</file>
        </group>
    </open-files>
</project-private>
